{
  "104.16.28.216": {
    "mean": 0.011774841696023941,
    "std": 0.0006359838880598545,
    "thresh": 0.05
  },
  "104.19.194.102": {
    "mean": 0.014392837882041931,
    "std": 0.0022069569677114487,
    "thresh": 0.05
  },
  "104.76.108.221": {
    "mean": 0.013626198284327984,
    "std": 0.001452852739021182,
    "thresh": 0.05
  },
  "104.88.89.135": {
    "mean": 0.014460483565926552,
    "std": 0.00794971827417612,
    "thresh": 0.050234215799719095
  },
  "104.97.73.5": {
    "mean": 0.019399255514144897,
    "std": 0.001354011707007885,
    "thresh": 0.05
  },
  "104.97.87.215": {
    "mean": 0.011159165762364864,
    "std": 0.004975404590368271,
    "thresh": 0.05
  },
  "107.178.255.114": {
    "mean": 0.02605915069580078,
    "std": 0.0006631398573517799,
    "thresh": 0.05
  },
  "151.101.0.166": {
    "mean": 0.021789349615573883,
    "std": 0.0109664062038064,
    "thresh": 0.07113817753270268
  },
  "151.101.0.175": {
    "mean": 0.019126994535326958,
    "std": 0.002548106014728546,
    "thresh": 0.05
  },
  "151.101.0.207": {
    "mean": 0.01882779225707054,
    "std": 0.006030761171132326,
    "thresh": 0.05
  },
  "151.101.0.249": {
    "mean": 0.014446276240050793,
    "std": 0.007132332306355238,
    "thresh": 0.05
  },
  "151.101.1.108": {
    "mean": 0.013175250962376595,
    "std": 0.0003817290998995304,
    "thresh": 0.05
  },
  "151.101.2.2": {
    "mean": 0.0136994244530797,
    "std": 0.003920136950910091,
    "thresh": 0.05
  },
  "152.163.56.2": {
    "mean": 0.013432766310870647,
    "std": 0.007375938352197409,
    "thresh": 0.05
  },
  "152.163.66.131": {
    "mean": 0.023722389712929726,
    "std": 0.011380582116544247,
    "thresh": 0.07493500923737884
  },
  "152.163.66.165": {
    "mean": 0.016183074563741684,
    "std": 0.0014955727383494377,
    "thresh": 0.05
  },
  "156.154.200.36": {
    "mean": 0.020837586373090744,
    "std": 0.0029885033145546913,
    "thresh": 0.05
  },
  "157.240.18.19": {
    "mean": 0.016969429329037666,
    "std": 0.003021158976480365,
    "thresh": 0.05
  },
  "157.240.18.35": {
    "mean": 0.0173761285841465,
    "std": 0.012549401260912418,
    "thresh": 0.07384843425825238
  },
  "157.240.2.25": {
    "mean": 0.015564091503620148,
    "std": 0.008399846032261848,
    "thresh": 0.053363398648798466
  },
  "157.240.2.35": {
    "mean": 0.016328295692801476,
    "std": 0.011170792393386364,
    "thresh": 0.06659686146304011
  },
  "162.248.16.24": {
    "mean": 0.012225652113556862,
    "std": 0.000838195439428091,
    "thresh": 0.05
  },
  "172.217.10.110": {
    "mean": 0.02578222006559372,
    "std": 0.0072725387290120125,
    "thresh": 0.058508644346147776
  },
  "172.217.10.130": {
    "mean": 0.02640829049050808,
    "std": 0.009630206972360611,
    "thresh": 0.06974422186613083
  },
  "172.217.10.14": {
    "mean": 0.01603715308010578,
    "std": 0.0032362767960876226,
    "thresh": 0.05
  },
  "172.217.10.142": {
    "mean": 0.017896924167871475,
    "std": 0.0038771696854382753,
    "thresh": 0.05
  },
  "172.217.10.2": {
    "mean": 0.014551098458468914,
    "std": 0.0008401626837439835,
    "thresh": 0.05
  },
  "172.217.10.226": {
    "mean": 0.010448363609611988,
    "std": 0.002871256787329912,
    "thresh": 0.05
  },
  "172.217.10.227": {
    "mean": 0.015477676875889301,
    "std": 0.006554552353918552,
    "thresh": 0.05
  },
  "172.217.10.234": {
    "mean": 0.017553381621837616,
    "std": 0.0007686018943786621,
    "thresh": 0.05
  },
  "172.217.10.238": {
    "mean": 0.028242122381925583,
    "std": 0.012814209796488285,
    "thresh": 0.08590606646612287
  },
  "172.217.10.46": {
    "mean": 0.017226023599505424,
    "std": 0.0044151111505925655,
    "thresh": 0.05
  },
  "172.217.10.78": {
    "mean": 0.026365894824266434,
    "std": 0.011292443610727787,
    "thresh": 0.07718189107254148
  },
  "172.217.10.99": {
    "mean": 0.027225837111473083,
    "std": 0.006253556348383427,
    "thresh": 0.055366840679198503
  },
  "172.217.11.14": {
    "mean": 0.02274586632847786,
    "std": 0.00969209335744381,
    "thresh": 0.066360286436975
  },
  "172.217.11.2": {
    "mean": 0.03202389180660248,
    "std": 0.009602980688214302,
    "thresh": 0.07523730490356684
  },
  "172.217.11.3": {
    "mean": 0.01827763020992279,
    "std": 0.0009915323462337255,
    "thresh": 0.05
  },
  "172.217.11.35": {
    "mean": 0.022926585748791695,
    "std": 0.008230801671743393,
    "thresh": 0.05996519327163696
  },
  "172.217.11.46": {
    "mean": 0.016999712213873863,
    "std": 0.00373848550952971,
    "thresh": 0.05
  },
  "172.217.11.8": {
    "mean": 0.02039214037358761,
    "std": 0.0018568206578493118,
    "thresh": 0.05
  },
  "172.217.12.130": {
    "mean": 0.01316056214272976,
    "std": 0.00503775617107749,
    "thresh": 0.05
  },
  "172.217.12.131": {
    "mean": 0.019199522212147713,
    "std": 0.003011681605130434,
    "thresh": 0.05
  },
  "172.217.12.142": {
    "mean": 0.027398059144616127,
    "std": 0.013367995619773865,
    "thresh": 0.08755403943359852
  },
  "172.217.12.162": {
    "mean": 0.029722845181822777,
    "std": 0.00911565963178873,
    "thresh": 0.07074331352487206
  },
  "172.217.12.163": {
    "mean": 0.01964028738439083,
    "std": 0.006937201600521803,
    "thresh": 0.050857694586738944
  },
  "172.217.12.170": {
    "mean": 0.023644719272851944,
    "std": 0.0005337493494153023,
    "thresh": 0.05
  },
  "172.217.12.174": {
    "mean": 0.020596200600266457,
    "std": 0.013838660903275013,
    "thresh": 0.08287017466500401
  },
  "172.217.12.198": {
    "mean": 0.02329321950674057,
    "std": 0.012375175952911377,
    "thresh": 0.07898151129484177
  },
  "172.217.12.200": {
    "mean": 0.011568372137844563,
    "std": 0.0018399242544546723,
    "thresh": 0.05
  },
  "172.217.12.206": {
    "mean": 0.014923668466508389,
    "std": 0.004575365222990513,
    "thresh": 0.05
  },
  "172.217.3.110": {
    "mean": 0.018576042726635933,
    "std": 0.005804389715194702,
    "thresh": 0.05
  },
  "172.217.3.98": {
    "mean": 0.02201344445347786,
    "std": 0.010714597068727016,
    "thresh": 0.07022913126274943
  },
  "172.217.3.99": {
    "mean": 0.031978800892829895,
    "std": 0.01116529293358326,
    "thresh": 0.08222261909395456
  },
  "172.217.6.195": {
    "mean": 0.02714265137910843,
    "std": 0.002880665473639965,
    "thresh": 0.05
  },
  "172.217.6.206": {
    "mean": 0.014908073469996452,
    "std": 0.009108206257224083,
    "thresh": 0.055895001627504826
  },
  "172.217.6.238": {
    "mean": 0.0235559344291687,
    "std": 0.008530054241418839,
    "thresh": 0.061941178515553474
  },
  "172.217.7.14": {
    "mean": 0.024212822318077087,
    "std": 0.001930144615471363,
    "thresh": 0.05
  },
  "172.217.9.238": {
    "mean": 0.025709282606840134,
    "std": 0.010304044932126999,
    "thresh": 0.07207748480141163
  },
  "173.241.242.143": {
    "mean": 0.01850535348057747,
    "std": 0.011683843098580837,
    "thresh": 0.07108264742419124
  },
  "173.241.242.220": {
    "mean": 0.021792404353618622,
    "std": 0.0066614774987101555,
    "thresh": 0.05176905309781432
  },
  "184.84.243.199": {
    "mean": 0.019966360181570053,
    "std": 7.489323616027832e-05,
    "thresh": 0.05
  },
  "185.167.164.37": {
    "mean": 0.01938091591000557,
    "std": 0.0010733110830187798,
    "thresh": 0.05
  },
  "192.168.10.12": {
    "mean": 0.027167707681655884,
    "std": 0.01799217239022255,
    "thresh": 0.10813248343765736
  },
  "192.168.10.14": {
    "mean": 0.023172494024038315,
    "std": 0.013700009323656559,
    "thresh": 0.08482253598049283
  },
  "192.168.10.15": {
    "mean": 0.021143848076462746,
    "std": 0.011314144358038902,
    "thresh": 0.0720574976876378
  },
  "192.168.10.16": {
    "mean": 0.022825906053185463,
    "std": 0.013888370245695114,
    "thresh": 0.08532357215881348
  },
  "192.168.10.17": {
    "mean": 0.026292841881513596,
    "std": 0.018347540870308876,
    "thresh": 0.10885677579790354
  },